"route","device","before_JS_bytes","after_JS_bytes","before_JS_gzip_bytes","after_JS_gzip_bytes","before_CSS_bytes","after_CSS_bytes","before_API_requests","after_API_requests","before_image_bytes","after_image_bytes","before_overflow","after_overflow","before_broken_images","after_broken_images","after_page_errors"
"/activate-legacy","desktop","504551","492317","150286","148019","187955","186023","2","2","107293","107293","false","false","0","0","0"
"/activate-legacy","mobile","504551","492317","150286","148019","187955","186023","2","2","32845","32845","false","false","0","0","0"
"/account/legacy-claim","desktop","519442","504387","156007","152800","235215","233283","3","3","17452","17452","false","false","0","0","0"
"/account/legacy-claim","mobile","519442","504387","156007","152800","235215","233283","3","3","17452","17452","false","false","0","0","0"
"/admin/legacy-claims","desktop","495052","479491","146855","143281","187955","186023","0","0","0","0","false","false","0","0","0"
"/admin/legacy-claims","mobile","495052","479491","146855","143281","187955","186023","0","0","0","0","false","false","0","0","0"
"/team/profile","desktop","737759","738202","212316","215578","291681","291682","3","3","141506","141506","false","false","1","1","0"
"/team/profile","mobile","737759","738202","212316","215578","291681","291682","3","3","36998","36998","false","false","0","0","0"
"/team/career","desktop","729172","729292","209127","211989","263661","263662","3","3","17452","17452","false","false","0","0","0"
"/team/career","mobile","729172","729292","209127","211989","263661","263662","3","3","17452","17452","false","false","0","0","0"
"/","desktop","495052","479491","146855","143281","187955","186023","3","3","630333","630333","false","false","0","0","0"
"/","mobile","495052","479491","146855","143281","187955","186023","3","3","192553","192553","false","false","0","0","0"
"/tournaments","desktop","533270","492894","159701","148561","270325","268393","14","11","176268","176268","false","false","0","0","0"
"/tournaments","mobile","533270","492894","159701","148561","270325","268393","14","11","41252","41252","false","false","0","0","0"
"/tournaments/:tournamentId/recap","desktop","495052","479491","146855","143281","187955","186023","3","3","17452","17452","false","false","0","0","0"
"/tournaments/:tournamentId/recap","mobile","495052","479491","146855","143281","187955","186023","3","3","17452","17452","false","false","0","0","0"
"/tournaments/:tournamentId","desktop","533270","520780","159701","158787","270325","268393","10","9","412321","412321","false","false","0","0","0"
"/tournaments/:tournamentId","mobile","533270","520780","159701","158787","270325","268393","10","9","131265","131265","false","false","0","0","0"
"/leaderboard","desktop","533270","520780","159701","158787","270325","268393","4","4","17452","17452","false","false","0","0","0"
"/leaderboard","mobile","533270","520780","159701","158787","270325","268393","4","4","17452","17452","false","false","0","0","0"
"/regulations","desktop","533270","484786","159701","145490","270325","268393","2","2","17452","17452","false","false","0","0","0"
"/regulations","mobile","533270","484786","159701","145490","270325","268393","2","2","17452","17452","false","false","0","0","0"
"/contact","desktop","533270","484786","159701","145490","270325","268393","2","2","17452","17452","false","false","0","0","0"
"/contact","mobile","533270","484786","159701","145490","270325","268393","2","2","17452","17452","false","false","0","0","0"
"/privacy","desktop","533270","484786","159701","145490","270325","268393","2","2","17452","17452","false","false","0","0","0"
"/privacy","mobile","533270","484786","159701","145490","270325","268393","2","2","17452","17452","false","false","0","0","0"
"/terms","desktop","533270","484786","159701","145490","270325","268393","2","2","17452","17452","false","false","0","0","0"
"/terms","mobile","533270","484786","159701","145490","270325","268393","2","2","17452","17452","false","false","0","0","0"
"/support","desktop","507100","491534","152141","148567","236914","234982","2","2","17452","17452","false","false","0","0","0"
"/support","mobile","507100","491534","152141","148567","236914","234982","2","2","17452","17452","false","false","0","0","0"
"/organizations","desktop","495052","479491","146855","143281","187955","186023","3","3","17452","17452","false","false","0","0","0"
"/organizations","mobile","495052","479491","146855","143281","187955","186023","3","3","17452","17452","false","false","0","0","0"
"/organizations/:organizationSlug","desktop","495052","479491","146855","143281","187955","186023","3","3","17452","17452","false","false","0","0","0"
"/organizations/:organizationSlug","mobile","495052","479491","146855","143281","187955","186023","3","3","17452","17452","false","false","0","0","0"
"/records","desktop","495052","479491","146855","143281","187955","186023","2","2","17452","17452","false","false","0","0","0"
"/records","mobile","495052","479491","146855","143281","187955","186023","2","2","17452","17452","false","false","0","0","0"
"/records/:recordId","desktop","495052","479491","146855","143281","187955","186023","2","2","17452","17452","false","false","0","0","0"
"/records/:recordId","mobile","495052","479491","146855","143281","187955","186023","2","2","17452","17452","false","false","0","0","0"
"/teams","desktop","552327","542810","166647","167466","298345","296413","13","12","156865","156865","false","false","0","0","0"
"/teams","mobile","552327","542810","166647","167466","298345","296413","13","12","41252","41252","false","false","0","0","0"
"/teams/compare","desktop","552327","542810","166647","167466","298345","296413","3","3","17452","17452","false","false","0","0","0"
"/teams/compare","mobile","552327","542810","166647","167466","298345","296413","3","3","17452","17452","false","false","0","0","0"
"/teams/:teamSlug/share-card","desktop","537476","522384","163695","160311","208969","207037","4","4","20369","20369","false","false","0","0","0"
"/teams/:teamSlug/share-card","mobile","537476","522384","163695","160311","208969","207037","4","4","20369","20369","false","false","0","0","0"
"/teams/:teamSlug","desktop","552327","542810","166647","167466","298345","296413","5","5","141506","141506","false","false","1","1","0"
"/teams/:teamSlug","mobile","552327","542810","166647","167466","298345","296413","5","5","42832","42832","false","false","1","1","0"
"/matches","desktop","501208","485647","149730","146161","270325","268393","3","2","17452","17452","false","false","0","0","0"
"/matches","mobile","501208","485647","149730","146161","270325","268393","3","2","17452","17452","false","false","0","0","0"
"/matches/:matchId","desktop","495052","479491","146855","143281","187955","186023","2","2","17452","17452","false","false","0","0","0"
"/matches/:matchId","mobile","495052","479491","146855","143281","187955","186023","2","2","17452","17452","false","false","0","0","0"
"/search","desktop","521022","483134","154604","145097","235215","233283","3","3","17452","17452","false","false","0","0","0"
"/search","mobile","521022","483134","154604","145097","235215","233283","3","3","17452","17452","false","false","0","0","0"
"/following","desktop","521022","483134","154604","145097","235215","233283","3","3","17452","17452","false","false","0","0","0"
"/following","mobile","521022","483134","154604","145097","235215","233283","3","3","17452","17452","false","false","0","0","0"
"/archive","desktop","495052","479491","146855","143281","187955","186023","2","2","17452","17452","false","false","0","0","0"
"/archive","mobile","495052","479491","146855","143281","187955","186023","2","2","17452","17452","false","false","0","0","0"
"/403","desktop","499189","483628","148817","145244","188746","186814","2","2","17452","17452","false","false","0","0","0"
"/403","mobile","499189","483628","148817","145244","188746","186814","2","2","17452","17452","false","false","0","0","0"
"/500","desktop","499189","483628","148817","145244","188746","186814","2","2","17452","17452","false","false","0","0","0"
"/500","mobile","499189","483628","148817","145244","188746","186814","2","2","17452","17452","false","false","0","0","0"
"/maintenance","desktop","499189","483628","148817","145244","188746","186814","2","2","17452","17452","false","false","0","0","0"
"/maintenance","mobile","499189","483628","148817","145244","188746","186814","2","2","17452","17452","false","false","0","0","0"
"/offline","desktop","499189","483628","148817","145244","188746","186814","2","2","17452","17452","false","false","0","0","0"
"/offline","mobile","499189","483628","148817","145244","188746","186814","2","2","17452","17452","false","false","0","0","0"
"*","desktop","499189","483628","148817","145244","188746","186814","2","2","17452","17452","false","false","0","0","0"
"*","mobile","499189","483628","148817","145244","188746","186814","2","2","17452","17452","false","false","0","0","0"
"/teams/:teamSlug/wrapped/:year","desktop","510975","496136","153687","150536","196855","194923","1","1","17452","17452","false","false","0","0","0"
"/teams/:teamSlug/wrapped/:year","mobile","510975","496136","153687","150536","196855","194923","1","1","17452","17452","false","false","0","0","0"
"/login","desktop","529415","517186","159308","157047","251806","249874","2","2","56562","56562","false","false","0","0","0"
"/login","mobile","529415","517186","159308","157047","251806","249874","2","2","29827","29827","false","false","0","0","0"
"/register","desktop","529415","517186","159308","157047","251806","249874","2","2","59492","59492","false","false","0","0","0"
"/register","mobile","529415","517186","159308","157047","251806","249874","2","2","31706","31706","false","false","0","0","0"
"/forgot-password","desktop","529415","517186","159308","157047","251806","249874","2","2","75465","75465","false","false","0","0","0"
"/forgot-password","mobile","529415","517186","159308","157047","251806","249874","2","2","33488","33488","false","false","0","0","0"
"/reset-password","desktop","503878","491644","150428","148161","247337","245405","3","3","75465","75465","false","false","0","0","0"
"/reset-password","mobile","503878","491644","150428","148161","247337","245405","3","3","33488","33488","false","false","0","0","0"
"/verify-email","desktop","503878","491644","150428","148161","247337","245405","3","3","107293","107293","false","false","0","0","0"
"/verify-email","mobile","503878","491644","150428","148161","247337","245405","3","3","32845","32845","false","false","0","0","0"
"/unauthorized","desktop","503878","491644","150428","148161","247337","245405","2","2","107293","107293","false","false","0","0","0"
"/unauthorized","mobile","503878","491644","150428","148161","247337","245405","2","2","32845","32845","false","false","0","0","0"
"/session-expired","desktop","503878","491644","150428","148161","247337","245405","2","2","107293","107293","false","false","0","0","0"
"/session-expired","mobile","503878","491644","150428","148161","247337","245405","2","2","32845","32845","false","false","0","0","0"
"/account-locked","desktop","503878","491644","150428","148161","247337","245405","2","2","107293","107293","false","false","0","0","0"
"/account-locked","mobile","503878","491644","150428","148161","247337","245405","2","2","32845","32845","false","false","0","0","0"
"/too-many-attempts","desktop","503878","491644","150428","148161","247337","245405","2","2","107293","107293","false","false","0","0","0"
"/too-many-attempts","mobile","503878","491644","150428","148161","247337","245405","2","2","32845","32845","false","false","0","0","0"
"/forbidden","desktop","503878","491644","150428","148161","247337","245405","2","2","107293","107293","false","false","0","0","0"
"/forbidden","mobile","503878","491644","150428","148161","247337","245405","2","2","32845","32845","false","false","0","0","0"
"/admin/login","desktop","529415","517186","159308","157047","251806","249874","1","1","107293","107293","false","false","0","0","0"
"/admin/login","mobile","529415","517186","159308","157047","251806","249874","1","1","32845","32845","false","false","0","0","0"
"/team","desktop","741641","741802","212839","215725","275825","275826","3","3","17452","17452","false","false","0","0","0"
"/team","mobile","741641","741802","212839","215725","275825","275826","3","3","17452","17452","false","false","0","0","0"
"/team/tournaments","desktop","775933","776272","225353","228324","298616","298617","3","3","17452","17452","false","false","0","0","0"
"/team/tournaments","mobile","775933","776272","225353","228324","298616","298617","3","3","17452","17452","false","false","0","0","0"
"/team/tournaments/:tournamentId","desktop","775933","776272","225353","228324","298616","298617","3","3","17452","17452","false","false","0","0","0"
"/team/tournaments/:tournamentId","mobile","775933","776272","225353","228324","298616","298617","3","3","17452","17452","false","false","0","0","0"
"/team/history","desktop","775933","776272","225353","228324","298616","298617","3","3","17452","17452","false","false","0","0","0"
"/team/history","mobile","775933","776272","225353","228324","298616","298617","3","3","17452","17452","false","false","0","0","0"
"/team/comparison","desktop","775933","776272","225353","228324","298616","298617","3","3","17452","17452","false","false","0","0","0"
"/team/comparison","mobile","775933","776272","225353","228324","298616","298617","3","3","17452","17452","false","false","0","0","0"
"/team/roster","desktop","775933","776272","225353","228324","298616","298617","3","3","17452","17452","false","false","0","0","0"
"/team/roster","mobile","775933","776272","225353","228324","298616","298617","3","3","17452","17452","false","false","0","0","0"
"/team/messages","desktop","775933","776272","225353","228324","298616","298617","3","3","17452","17452","false","false","0","0","0"
"/team/messages","mobile","775933","776272","225353","228324","298616","298617","3","3","17452","17452","false","false","0","0","0"
"/team/notifications","desktop","736322","736474","211093","213969","263661","263662","3","3","17452","17452","false","false","0","0","0"
"/team/notifications","mobile","736322","736474","211093","213969","263661","263662","3","3","17452","17452","false","false","0","0","0"
"/team/roster-requests","desktop","736322","736474","211093","213969","263661","263662","4","4","17452","17452","false","false","0","0","0"
"/team/roster-requests","mobile","736322","736474","211093","213969","263661","263662","4","4","17452","17452","false","false","0","0","0"
"/team/roster-requests/:requestId","desktop","736322","736474","211093","213969","263661","263662","4","4","17452","17452","false","false","0","0","0"
"/team/roster-requests/:requestId","mobile","736322","736474","211093","213969","263661","263662","4","4","17452","17452","false","false","0","0","0"
"/team/disputes","desktop","736322","736474","211093","213969","263661","263662","4","4","17452","17452","false","false","0","0","0"
"/team/disputes","mobile","736322","736474","211093","213969","263661","263662","4","4","17452","17452","false","false","0","0","0"
"/team/disputes/new","desktop","730169","730289","209884","212740","263661","263662","3","3","17452","17452","false","false","0","0","0"
"/team/disputes/new","mobile","730169","730289","209884","212740","263661","263662","3","3","17452","17452","false","false","0","0","0"
"/team/disputes/:disputeId","desktop","736322","736474","211093","213969","263661","263662","4","4","17452","17452","false","false","0","0","0"
"/team/disputes/:disputeId","mobile","736322","736474","211093","213969","263661","263662","4","4","17452","17452","false","false","0","0","0"
"/team/sharecards","desktop","815921","816260","240996","243970","319630","319631","3","3","20369","20369","false","false","0","0","0"
"/team/sharecards","mobile","815921","816260","240996","243970","319630","319631","3","3","20369","20369","false","false","0","0","0"
"/team/badges","desktop","781184","738286","226313","215352","374051","368823","3","3","17452","17452","false","false","0","0","0"
"/team/badges","mobile","781184","738286","226313","215352","374051","368823","3","3","17452","17452","false","false","0","0","0"
"/team/badges/:badgeId","desktop","749879","732275","214270","212706","263661","263662","3","3","17452","17452","false","false","0","0","0"
"/team/badges/:badgeId","mobile","749879","732275","214270","212706","263661","263662","3","3","17452","17452","false","false","0","0","0"
"/team/invitations","desktop","749879","732275","214270","212706","263661","263662","4","4","17452","17452","false","false","0","0","0"
"/team/invitations","mobile","749879","732275","214270","212706","263661","263662","4","4","17452","17452","false","false","0","0","0"
"/team/settings/managers","desktop","731322","731442","209713","212574","263661","263662","6","6","17452","17452","false","false","0","0","0"
"/team/settings/managers","mobile","731322","731442","209713","212574","263661","263662","6","6","17452","17452","false","false","0","0","0"
"/team/verification","desktop","749879","732275","214270","212706","263661","263662","4","4","17452","17452","false","false","0","0","0"
"/team/verification","mobile","749879","732275","214270","212706","263661","263662","4","4","17452","17452","false","false","0","0","0"
"/team/organization/:organizationSlug","desktop","749879","732275","214270","212706","263661","263662","5","5","17452","17452","false","false","0","0","0"
"/team/organization/:organizationSlug","mobile","749879","732275","214270","212706","263661","263662","5","5","17452","17452","false","false","0","0","0"
"/team/settings","desktop","727788","727940","208438","211315","263661","263662","4","4","17452","17452","false","false","0","0","0"
"/team/settings","mobile","727788","727940","208438","211315","263661","263662","4","4","17452","17452","false","false","0","0","0"
"/admin","desktop","495052","479491","146855","143281","187955","186023","0","0","0","0","false","false","0","0","0"
"/admin","mobile","495052","479491","146855","143281","187955","186023","0","0","0","0","false","false","0","0","0"
"/admin/tournaments","desktop","495052","479491","146855","143281","187955","186023","0","0","0","0","false","false","0","0","0"
"/admin/tournaments","mobile","495052","479491","146855","143281","187955","186023","0","0","0","0","false","false","0","0","0"
"/admin/tournaments/new","desktop","495052","479491","146855","143281","187955","186023","0","0","0","0","false","false","0","0","0"
"/admin/tournaments/new","mobile","495052","479491","146855","143281","187955","186023","0","0","0","0","false","false","0","0","0"
"/admin/tournaments/:tournamentId","desktop","495052","479491","146855","143281","187955","186023","0","0","0","0","false","false","0","0","0"
"/admin/tournaments/:tournamentId","mobile","495052","479491","146855","143281","187955","186023","0","0","0","0","false","false","0","0","0"
"/admin/tournaments/:tournamentId/lifecycle","desktop","495052","479491","146855","143281","187955","186023","0","0","0","0","false","false","0","0","0"
"/admin/tournaments/:tournamentId/lifecycle","mobile","495052","479491","146855","143281","187955","186023","0","0","0","0","false","false","0","0","0"
"/admin/check-ins/missed","desktop","495052","479491","146855","143281","187955","186023","0","0","0","0","false","false","0","0","0"
"/admin/check-ins/missed","mobile","495052","479491","146855","143281","187955","186023","0","0","0","0","false","false","0","0","0"
"/admin/teams","desktop","495052","479491","146855","143281","187955","186023","0","0","0","0","false","false","0","0","0"
"/admin/teams","mobile","495052","479491","146855","143281","187955","186023","0","0","0","0","false","false","0","0","0"
"/admin/teams/:teamId","desktop","495052","479491","146855","143281","187955","186023","0","0","0","0","false","false","0","0","0"
"/admin/teams/:teamId","mobile","495052","479491","146855","143281","187955","186023","0","0","0","0","false","false","0","0","0"
"/admin/organizations","desktop","495052","479491","146855","143281","187955","186023","0","0","0","0","false","false","0","0","0"
"/admin/organizations","mobile","495052","479491","146855","143281","187955","186023","0","0","0","0","false","false","0","0","0"
"/admin/results","desktop","495052","479491","146855","143281","187955","186023","0","0","0","0","false","false","0","0","0"
"/admin/results","mobile","495052","479491","146855","143281","187955","186023","0","0","0","0","false","false","0","0","0"
"/admin/results/:resultId/correct","desktop","495052","479491","146855","143281","187955","186023","0","0","0","0","false","false","0","0","0"
"/admin/results/:resultId/correct","mobile","495052","479491","146855","143281","187955","186023","0","0","0","0","false","false","0","0","0"
"/admin/messages","desktop","495052","479491","146855","143281","187955","186023","0","0","0","0","false","false","0","0","0"
"/admin/messages","mobile","495052","479491","146855","143281","187955","186023","0","0","0","0","false","false","0","0","0"
"/admin/blacklist","desktop","495052","479491","146855","143281","187955","186023","0","0","0","0","false","false","0","0","0"
"/admin/blacklist","mobile","495052","479491","146855","143281","187955","186023","0","0","0","0","false","false","0","0","0"
"/admin/roster-requests","desktop","495052","479491","146855","143281","187955","186023","0","0","0","0","false","false","0","0","0"
"/admin/roster-requests","mobile","495052","479491","146855","143281","187955","186023","0","0","0","0","false","false","0","0","0"
"/admin/roster-requests/:requestId","desktop","495052","479491","146855","143281","187955","186023","0","0","0","0","false","false","0","0","0"
"/admin/roster-requests/:requestId","mobile","495052","479491","146855","143281","187955","186023","0","0","0","0","false","false","0","0","0"
"/admin/disputes","desktop","495052","479491","146855","143281","187955","186023","0","0","0","0","false","false","0","0","0"
"/admin/disputes","mobile","495052","479491","146855","143281","187955","186023","0","0","0","0","false","false","0","0","0"
"/admin/disputes/:disputeId","desktop","495052","479491","146855","143281","187955","186023","0","0","0","0","false","false","0","0","0"
"/admin/disputes/:disputeId","mobile","495052","479491","146855","143281","187955","186023","0","0","0","0","false","false","0","0","0"
"/admin/players/:playerId","desktop","495052","479491","146855","143281","187955","186023","0","0","0","0","false","false","0","0","0"
"/admin/players/:playerId","mobile","495052","479491","146855","143281","187955","186023","0","0","0","0","false","false","0","0","0"
"/admin/verifications","desktop","495052","479491","146855","143281","187955","186023","0","0","0","0","false","false","0","0","0"
"/admin/verifications","mobile","495052","479491","146855","143281","187955","186023","0","0","0","0","false","false","0","0","0"
"/admin/verifications/:verificationId","desktop","495052","479491","146855","143281","187955","186023","0","0","0","0","false","false","0","0","0"
"/admin/verifications/:verificationId","mobile","495052","479491","146855","143281","187955","186023","0","0","0","0","false","false","0","0","0"
"/admin/support","desktop","495052","479491","146855","143281","187955","186023","0","0","0","0","false","false","0","0","0"
"/admin/support","mobile","495052","479491","146855","143281","187955","186023","0","0","0","0","false","false","0","0","0"
"/admin/audit","desktop","495052","479491","146855","143281","187955","186023","0","0","0","0","false","false","0","0","0"
"/admin/audit","mobile","495052","479491","146855","143281","187955","186023","0","0","0","0","false","false","0","0","0"
"/admin/users","desktop","495052","479491","146855","143281","187955","186023","0","0","0","0","false","false","0","0","0"
"/admin/users","mobile","495052","479491","146855","143281","187955","186023","0","0","0","0","false","false","0","0","0"
"/admin/settings","desktop","495052","479491","146855","143281","187955","186023","0","0","0","0","false","false","0","0","0"
"/admin/settings","mobile","495052","479491","146855","143281","187955","186023","0","0","0","0","false","false","0","0","0"
"/account","desktop","509943","494893","152576","149373","235215","233283","2","2","17452","17452","false","false","0","0","0"
"/account","mobile","509943","494893","152576","149373","235215","233283","2","2","17452","17452","false","false","0","0","0"
"/account/profile","desktop","509943","494893","152576","149373","235215","233283","2","2","17452","17452","false","false","0","0","0"
"/account/profile","mobile","509943","494893","152576","149373","235215","233283","2","2","17452","17452","false","false","0","0","0"
"/account/security","desktop","509943","494893","152576","149373","235215","233283","2","2","17452","17452","false","false","0","0","0"
"/account/security","mobile","509943","494893","152576","149373","235215","233283","2","2","17452","17452","false","false","0","0","0"
"/account/notifications","desktop","509943","494893","152576","149373","235215","233283","2","2","17452","17452","false","false","0","0","0"
"/account/notifications","mobile","509943","494893","152576","149373","235215","233283","2","2","17452","17452","false","false","0","0","0"
"/account/sessions","desktop","509943","494893","152576","149373","235215","233283","2","2","17452","17452","false","false","0","0","0"
"/account/sessions","mobile","509943","494893","152576","149373","235215","233283","2","2","17452","17452","false","false","0","0","0"
"/account/player/claim/:playerId","desktop","535409","496429","159961","150287","235215","233283","1","1","17452","17452","false","false","0","0","0"
"/account/player/claim/:playerId","mobile","535409","496429","159961","150287","235215","233283","1","1","17452","17452","false","false","0","0","0"
"/account/support/tickets","desktop","521991","506936","157862","154659","236914","234982","2","2","17452","17452","false","false","0","0","0"
"/account/support/tickets","mobile","521991","506936","157862","154659","236914","234982","2","2","17452","17452","false","false","0","0","0"
"/account/support/tickets/new","desktop","521991","506936","157862","154659","236914","234982","1","1","17452","17452","false","false","0","0","0"
"/account/support/tickets/new","mobile","521991","506936","157862","154659","236914","234982","1","1","17452","17452","false","false","0","0","0"
"/account/support/tickets/:ticketId","desktop","521991","506936","157862","154659","236914","234982","2","2","17452","17452","false","false","0","0","0"
"/account/support/tickets/:ticketId","mobile","521991","506936","157862","154659","236914","234982","2","2","17452","17452","false","false","0","0","0"
